﻿Site,Component Name,Price
"Newegg ",https://pcpartpicker.com/product/66C48d/amd-ryzen-5-7600x-47-ghz-6-core-processor-100-100000593wof,250
"Amazon ",https://pcpartpicker.com/product/CDZzK8/arctic-liquid-freezer-ii-120-563-cfm-liquid-cpu-cooler-acfre00067a,79.99
Newegg,ROG Strix X670E-I Gaming WiFi,469.99
Amazon,https://pcpartpicker.com/product/vGH7YJ/crucial-32-gb-2-x-16-gb-ddr5-4800-cl40-memory-ct2k16g48c40u5,149.99
Amazon,https://pcpartpicker.com/product/DDWBD3/samsung-980-pro-1-tb-m2-2280-nvme-solid-state-drive-mz-v8p1t0bam,179
Amazon,https://pcpartpicker.com/product/tCLFf7/sapphire-radeon-rx-6700-xt-12-gb-nitro-video-card-11306-01-20g,400
Newegg,https://pcpartpicker.com/product/WDytt6/fractal-design-torrent-nano-mini-itx-desktop-case-fd-c-tor1n-01,89.99
Amazon,https://pcpartpicker.com/product/3gJmP6/evga-supernova-650-g5-650-w-80-gold-certified-fully-modular-atx-power-supply-220-g5-0650-x1,109.99